{
  "categories_list": {
    "featured": [
      "/titas-e-refils?Titas e Refils",
      "/profit?Profit"
    ],
    "random": 6,
    "full_width": true
  },
  "menu_all_departments": false,
  "centralized_logo": false,
  "marketing_stripe": {
    "text": "Compre Compre Compre",
    "link": "/promotion",
    "background": "#050eaf"
  },
  "alphabetical_order_submenu": true,
  "name_all_departments": "",
  "search_input": true,
  "desktop_megamenu": true,
  "full_width_submenu": false,
  "contacts_stripe": {
    "pages": [],
    "phone_wpp": true,
    "socials": true
  }
}